[애플] [공식인증점] Apple 애플워치 7 45mm Nike GPS 알루미늄 케이스 (색상선택),"512,050원",https://adcr.naver.com/adcr?x=asbC4XBD9LYmakg9QYljRv///w==k6g4fTm5nlNAopo65toi/GXOk9irtOUmmJT3sJcEBtwVTJW+Cr5idoSXDZAuh79HOgS2dylU4fNBgJSZRtPPv9z7ezG+j/X65MYucpOu6g0mOBgd8CnSVXLKFUGPFEY/qm55+oSQTSmsIGeRc9Yp+bJhE3EjxC6fuAD1nUOzUPNaal5JDlVDt/cpYD6Iumm0O1J7MmClhmdz1Dugm5ymuRSdpFnHQCnQ7FUCNIVqVldWnFCR0QgHutg3FaWCyLA50Nr85rl6Zywgao1J5UrDpVVRlT6JBAzspJgfQwel+6vxIkCNT356CS9N8bi6tH23/CVPqQ/wmWYnsnJIlCyZnyzmOnpoJYgz1t2U2m/7ScL6EKjuXcIsKH64STp6K5B3PHjdzsqj4b48KJEnrSPdammWnhea8i6wkTBunSkWXrWca34kpDRrW2ovpRdrAkJGZZWh1lC4vfUlWOIE2VRwry5qN/r3LALdUalrbfdAaDWI6ZThYPqHRhyboooh9R0HHv7x/3dd1Pu0a39hsX49+FIfzlMad6htBgjyvKbAJA3usBIzmU7Nq/O/CJSQnMNqk3sCJQmUhRg7n4FqqTWqGuZ+cWyumuafZgpfBX7b+skyk33D1iK0bpf8lR2SjiAVURHtK10MmqPTpfF+nJG2a9WAWkSxDw8JNxFgFpyVRD88paPjqEwL3QW+fTkxPP+tBxzVKFPCb8iyT2BUe9MYYkVCU3cxqPTQJVdqks8YD/Vgd9JZ65B4F6GFCJdLiAPw5VNrZ2YI9HCZ8WAZ+XZrX6MwRhADCLCwnjFw1d++8kzSGeemVGFEJltnAcvsU/5oe3VtSanUk6/R2CdgY5QFOfFbBUAXhPZqB4ImSP2I5E44+Ok18dyYceLTsi0Y4cnbpTEzdaVpQS8MoZSqiUdC6TClgfADkK6vkIDWg1mrlkuAgwXlhlqWw1GUXIGWTZNDAbqpV/bxjZUp2DqqwMWkDxQ==
애플워치7 41mmGPS 미드나이트 스포츠밴드,"484,030원",https://adcr.naver.com/adcr?x=pSbWKT+g8wU24iDJ0iB7nP///w==kmQyvX8u1kjsu1yDcNGrnQR4CJnDQWCT/8sDwmp/zynG6yEXFAeAc0UCrInL3Tld+ysu4Sk8dTD9mMbCjT7nbpxXzE5xTgVzR7G9qqllbEldyATGr6p6r7VjgcOmp8FXza3wW6L3SUUe7b/ghAusMOcbQIiNulkGypfaRRNeUNQPvIfNj27z6x8dApePSLPh8ll8ojxf/+ifDLzTYFlB7cKw/079j6oJ3uPs+Zvli3vkAnKj5rjf3Xuzh1O+8mMeTWIMpr3gDHscSAL2lR+ElCrmUan7yo4I1AkLHjkJ8wydNnVq1tjU/mC6EDi6Ygw85KjMXp+mcuNVn9LmVSuaxZetb1S3Nyjj24XkngGJ5O5D/cVAS3uDoWSKUiE2qVJAn0kEXvdr+oYwXGQY71wHoA2b42PS+9qQb3LL1AxrzMieUjJgRVh9GoAX+0Q7Kz/fHgste5/a26Il9m/1GRsS8RgN2QV+OYbJcHNxXnPwj6TyRiws1o6i9UySFiOYs8/aACx+6FelH9/wHYZkjHqpvESFj0RzmRXYNaWJAd8rZEWoGBxE8Og9J21O4zI3nfG7kpK5VvRB7oZZptElSf4LTQ0S3OED2278NHWt47c2W/pefyjfot9oEz3ckTcA5WKsJToej/XqoANILAk34s/IOon2dR+XHyoUlz8jMRogUZhYubAsFPiywUcpmI995biUKatswRRhz4+++niPbNHnqdqwAlH1Y6xD/3qXddV1pF28nJO4DB0zM+/l4wMwfIuKrKv0kYjAGvc+yTUtZISG3RIyy8n2GE+nhk7qSrP+wS2dpaTXd8cAUjt2m9UhwtaRjC14TLf6Fp8H8uaxyYQVePu3wz6A8L/iypehHe7IR1rSi1O7PmsCmElWNxhIU6xWSYLUEYg1rhvRfuVtfjn0h8bneO/i6+oAwXfqWaeFTB8r8zJ3ELrmUFj1uAz41NSovcTMNiC8ESd8qDnogdB+eHw==
[애플] [공식인증점] Apple 애플워치 7 45mm GPS 알루미늄 케이스 (색상선택),"512,050원",https://adcr.naver.com/adcr?x=mmdL/eFfnZRJOwxpIRMKnf///w==kkNOM0pQ832M4y3Kzylw+/c15e8Uf+y2qdDtKon9/AF6HI8UjpW+1op+W6YirNVK9scay1pIteR+SKz6F/Papr0AMVFZYwNOHl4R6nlHE6xHTWNI4C8ifbH2nikpnE9VXl3E6ptScOOdIziAEJ5u3/EKg7vdIEdr7bOpSSMwEILxPi8EJSnu0fxyFlqFeerqpxDwr90oQ2oNH6PZshed9Bz1CZyEa/cc4tLJXAprsszfqZvascJBjGxxIrazyx9SpjpM9ICs4jlnLWSCGxa1aqFxiIrO2h+04W7rNOkddtBTS38NJoB8eI2SvJx4tNW4bu/W9FwJRLlTsUD3DlVg07NGyfwDmwY/etJPWKoxCvuuy9yae2NyHluVZNN1Ae25nxyZ0oYiMLXuSL2Q7B+E9lsrEcHEJlWZ2qmtjhxDFRK7RRO0Vedr4auKb4NsL0+ffyp+dMcTHKAmHnHlwsbQw5PaoVGFxO8eu6Oe7eGvznUXPZpoWm7ewQSingMcG4Le/nTeK0BV7cahmrzqsmr3PwDPepX3KgSxc77Op+mUlkt06iLQx5AHBJ7qCdo9HLpeXtG4EEGh50WGj+YcrrZ+jcV76ZVJXgzR7akoUHFHw9WIBPVtsAa3Hq2SEig3F7rdTGo+y2ZhqSsHgjV1CbhD4M3GKQomgLlH4MaSkhlohgxEOkJ8ltSWBtqGfDNMPVvivTHdfmK3HCsUdV9ckZRl9yOZbpSNWpTcUBTpu4eTz5WmoLLJv2cKjkBGGHzffVyI9ZJ/RHWWoNqa93zYph4DPINI8B7DClOPyydIhDmBwfEj9JXddYHslyW7lRDuPtxfn6LZMjvKdX9afL/GTA8hUnc49b64+w2zyh46Kt8AHp9LZKTQkXMSYaP29mH+O97WQXanNPkgNivdblsSPVvUd5GC2EbbEPFXJiRoNX9hRhllllmU810eRRpuDSzcuGCdTjguVRaTTBGYvtl19wzgWJQ==
Apple 워치 7 GPS 41mm (스타라이트 알루미늄),"441,400원",https://cr.shopping.naver.com/adcr.nhn?x=1NLky1xlPhwlaT5jUt6qyv%2F%2F%2Fw%3D%3Ds9EFf%2BSB7sh83h%2BFmuu4LGKj5StRIYHp3ty4V4h2O33ZnUv6QlakmgEgE5uvJuJyVlkaoOXSDHMdrDTiwJ3cK4wi61e9oI%2FaoDyijPn0AQhbfnY83YSA1Fx0Vh3w04JW7HmOO835orl54xPzlvFvv%2Fd9%2BKy%2Fm0d%2BgYWHtEf61Jo5CNclKwvLyA%2Fys%2F%2FHPPajLSsK1cjXrZzXHBArXGyVP08X7HjmKjeQCLmCa6lXMHt1ul0sTtLOMZZxTm2jT5X61cSy8UjBpqOgCUEC18bAJ5nre9suI4scHI0g3GzUwUViAbCY81f975eS5nfR25FBiP83WAv8GAIoQ0MwLPWeb%2FS6kc77eOPp5sX6k1Pvute4VjQCpIk5kx4sJW2hrRfnKoPT6JPjnUxIV7YfRXl8%2FnYDLKQF7sY5TlZ8%2FlRIVWliZzZyDfGo1SQoYRvXGDzWd8Oq7%2F0%2FbHss%2FIaen3lF2MYDMLTEju8sqwtDmXgaWtxTPFPWRRf6UHn471MZmzx3ZelgeDnB8TaOwzkRJXRPk%2F48NNpCuGKacT6fzCAXD%2F3IjZn9t2%2FN8VI1vBc0sT%2Fc4T8AlxSYkXaLH96LNyv1p9akulbovb9HMQZ2rLPtLEzhywsJGqDYTEyPReyK3tI9iA35CyMrpXQUt3%2FJvHupy5s1ITc7NlRPvorKrNyQBKaY%3D&nvMid=29142417620&catId=50000262
Apple 워치 7 GPS Nike 45mm (미드나이트 알루미늄),"484,000원",https://cr.shopping.naver.com/adcr.nhn?x=sMr7V%2BOAypY2axjwTvv5wv%2F%2F%2Fw%3D%3DsGaHuYaVo7Cfs04VrXehNP5Em65Bu4UoqAwd%2FPn3vEOSytpWmby81cz32w%2BSVrog3qlZ8zuUiA7k%2B3CYt9E5zkbLQNMUmv4PQ4vy%2FT10cSiH%2BMuAOFmVl0cyHsgcHCL9azebvFn19OFX%2BI7aThsMfc9of6jW5jHdz%2FbROY2pgmykLiAfJ3HXoWmLy01Zq2yZREdTtuqNBrCRtAZlebW1IdbsvMWk3ANpACnsYaxvaTRgxHujmUwBPmpEOK91Y30dq2J0qDwdE8fpMVAvR9dwkfdelrCCBEF0LkvgzUX5nj8BD4P%2Bj2CVvS6QkrpszyaIoCuwrUM2Vi5bq9fxYHuPhKWtqPyADFAh7SuD2ozt9fNPhzvvgRr2vJRgtIzVRb6p%2B5adVVOd36sZSkwU%2FrusCgv%2BAb%2FAPHcxemQ0jq%2Bl5tAm%2FMCCSVfcBdMPwpnGAbXG64LKuqQYUE0mXhFor3Q7md3fsLddWvM%2BRtax9kymBwa7V%2Ba8Kp51L%2FpBds8DOhAOve67cuV65PHj7zhMWA9tayS530VUNlzF3aqCacPhxyVhPSZ0qBi80Qs2XGX5J7TKs661vqbIRjIWVXQ5YMX7bsBGk4XMJtozo5T3u6g%2BJ%2BOvHdqTunDpN5DShVv%2FVAWtgZ4detLDrrqBEUxI3YeIpFM2OqH9l6YII5ugOGfB4CYY%3D&nvMid=29142639619&catId=50000262
Apple 워치 7 GPS 41mm (미드나이트 알루미늄),"419,400원",https://cr.shopping.naver.com/adcr.nhn?x=ZUFw0%2FZckhDJyQqVqEP67P%2F%2F%2Fw%3D%3DsO%2Fxxz0rPoDkCjoe7jqJPWLDtAioFIEWYpdn4QDBQ3Xq75iKvhlrHJJ3Ac0zbTnPra6G48W8TH7ofE4EKIOSUB06y4xWuE8wjWbEXY3dbuv9PPTRvIZNU9a9jJvEKe3boemx9sLEL5pNaQP0JJD2HU4ZnlrSZr8PDPdBCvs8uWtdeJxHcKH4rYUhc5SxvGs%2FQKOAuhsRrTfMbezU6XXdQDaDokm%2BGYcmylMHsRT12tOrJowZkxvE6gshRFXFG1jBshiLo6%2Bny%2B6LtwluK4akoDITyzIzWm77rEMYm1%2Fya94nDpmNu2Rs3tEPrV0ZTODsbWqyaFa2xLbpwGCJChqMDqr%2Ffhup8P433VnkRtQZdsZQ9Z0SeMqENQcl4GV2BeGrFGQK8Yg8WmITD4Bnl51QKsxDls5oz8GT4WUYW5Fy%2BUyIKdxpmR%2FOe9hARgxC56kTdnu%2B42q5%2FZK6elZDjYAH6i4dNNm7oHxy%2Ff9OI%2FJ8yVaWtRMft9YA4gBvR4eCwQv2Xr6hbvCPoObZprIF1A%2FmMNZCyorJ7hCzZL%2BXFRg8u0G6lv3x7LME2ISUBbps%2FG%2Bglt%2B1JMkKBQjXA1VJBl5kV7PSpj72u56XCWCDQAt7rxzhTxtcgKMzSbY8yjc5ZqiZXLuk%2BUtviteg1yLWJga%2FJdAau4fTwOUqyF63FjwpQRls%3D&nvMid=29142356620&catId=50000262
Apple 워치 7 GPS 45mm (미드나이트 알루미늄),"484,500원",https://cr.shopping.naver.com/adcr.nhn?x=NtY69%2F9LpF3RjyyHSh8No%2F%2F%2F%2Fw%3D%3DsYxOPOEI4CcJPFbPDyU%2FWnygMPXhGWfnIry5J20Qh%2FTlnUv6QlakmgEgE5uvJuJyVAQqT6s5xIL43OMxp0tTqegi61e9oI%2FaoDyijPn0AQhbfnY83YSA1Fx0Vh3w04JW7HmOO835orl54xPzlvFvv%2Fd9%2BKy%2Fm0d%2BgYWHtEf61Jo5CNclKwvLyA%2Fys%2F%2FHPPajLa8uQZWHFlxn3wuXdzQJpw8X7HjmKjeQCLmCa6lXMHt1ul0sTtLOMZZxTm2jT5X61cSy8UjBpqOgCUEC18bAJ5nre9suI4scHI0g3GzUwUViAbCY81f975eS5nfR25FBiP83WAv8GAIoQ0MwLPWeb%2FT6GH%2ByUIwBDuZ%2BQLo2XGrAVjQCpIk5kx4sJW2hrRfnKoPT6JPjnUxIV7YfRXl8%2FnSZ5j7jT1D8OmLS0wziSo8iZzZyDfGo1SQoYRvXGDzWd8Oq7%2F0%2FbHss%2FIaen3lF2MaGco6l1KsnFKwModj5Y3Bn%2BXDhxcVHpg4mpRHFo%2FQQFelgeDnB8TaOwzkRJXRPk%2F48NNpCuGKacT6fzCAXD%2F3LGATA8%2BdKnVsM3mKVbPzVqT8AlxSYkXaLH96LNyv1p9S3q%2FPNQ3iQkjFEAXWKCVo4noicWv9Qz7diKAaJDwkAAA35CyMrpXQUt3%2FJvHupy5s1ITc7NlRPvorKrNyQBKaY%3D&nvMid=29142637618&catId=50000262
Apple 워치 7 셀룰러 41mm (실버 스테인리스 스틸),"823,530원",https://cr.shopping.naver.com/adcr.nhn?x=DAkxJlsX9Mtbyq1NdOdRKf%2F%2F%2Fw%3D%3DspgNeS%2Bxg3%2BXJ8RnQTmsg9IcK3bwOG2IlflwvM6JBfUW75iKvhlrHJJ3Ac0zbTnPrXYMuL53Xk%2BLWW0jtwUpQjYeZXIj1PoeZwixLuxEqpc5PPTRvIZNU9a9jJvEKe3boemx9sLEL5pNaQP0JJD2HU4ZnlrSZr8PDPdBCvs8uWtdeJxHcKH4rYUhc5SxvGs%2FQ6XXiqzi3RosRVijt%2Fa9VnaDokm%2BGYcmylMHsRT12tOrJowZkxvE6gshRFXFG1jBshiLo6%2Bny%2B6LtwluK4akoDITyzIzWm77rEMYm1%2Fya94nDpmNu2Rs3tEPrV0ZTODsbWqyaFa2xLbpwGCJChqMDqh7DvII22MR3AIIpY412A2U9Z0SeMqENQcl4GV2BeGrFGQK8Yg8WmITD4Bnl51QKs5EIqOUTA2zVI7WvZIICQaIKdxpmR%2FOe9hARgxC56kTdnu%2B42q5%2FZK6elZDjYAH6i%2F90lFkC%2Bj9rX4KvLc7Ka%2FjPbrKKcv4W9BN%2FIrAq6ZVxfVck9PFhU%2FVsWR42NcUdZE99tbTwjrTDevHL5TYhzmvc%2B9DLQRqhiw5jpVswoiDtKZibJ8gj0OfLy69PInAr7BLPHBVE1X9hF6ZkrnPWwIRqLHYpdT3bY5l7Q19mE9c1hj%2BChSEb6m8hcBpaK1xyzGhopkeKUdu5q4dSKA0zkoA%3D&nvMid=29142877623&catId=50000262
Apple 워치 7 GPS Nike 45mm (스타라이트 알루미늄),"483,990원",https://cr.shopping.naver.com/adcr.nhn?x=obft4bJZ24kK0l8am9VeBf%2F%2F%2Fw%3D%3DsRbb7ons%2BPv2iPPb4%2FQJXGSU8YDCekDymWLdaEBdLzdWytpWmby81cz32w%2BSVrog3YhZbnyqklHQ2WPUNPaqreoD6kJgARuj2YoUEjtpScnX%2BMuAOFmVl0cyHsgcHCL9azebvFn19OFX%2BI7aThsMfc9of6jW5jHdz%2FbROY2pgmykLiAfJ3HXoWmLy01Zq2yZR0yz4zA9Uyxhml%2B8nAsgvk8M8z89L49UgPbp9XK5E3ioxHujmUwBPmpEOK91Y30dq2J0qDwdE8fpMVAvR9dwkfdelrCCBEF0LkvgzUX5nj8BD4P%2Bj2CVvS6QkrpszyaIoCuwrUM2Vi5bq9fxYHuPhKc8S8PjUJEgO4ve3tMbTo5Q2jj2WWhbV7%2B39Oc%2Brr%2FBP5adVVOd36sZSkwU%2FrusCglzov6b3vDVJPRclop2hEGBzcHzLRI%2BWbjJHXipa2RgO4LKuqQYUE0mXhFor3Q7md3fsLddWvM%2BRtax9kymBwa4l9ONI5HREzEYtU4wpQ19Le67cuV65PHj7zhMWA9tayS530VUNlzF3aqCacPhxyVic8FkmZQKCcbt5mDi2vPnHnwYWDsCQJRyQTMtuOqLBKRGk4XMJtozo5T3u6g%2BJ%2BOt3RRa%2Brh4em0r7GEq1CRKKFSpSTkQF%2BG27W%2FqhSvJMHM2OqH9l6YII5ugOGfB4CYY%3D&nvMid=29142259621&catId=50000262
Apple 워치 7 GPS 45mm (스타라이트 알루미늄),"489,000원",https://cr.shopping.naver.com/adcr.nhn?x=Ol3VUM0FMMIqW1TktT5SNv%2F%2F%2Fw%3D%3Ds0AfVnRUKdxJq6%2Btfui6k5v0jnIQI9RQk7ifiobJRwze75iKvhlrHJJ3Ac0zbTnPr%2FCkZr0CZ5BhLLnODaslHYYlCIO%2BZz7l8lQJ34nxJmXdPPTRvIZNU9a9jJvEKe3boemx9sLEL5pNaQP0JJD2HU4ZnlrSZr8PDPdBCvs8uWtdeJxHcKH4rYUhc5SxvGs%2FQfGqb%2BmjOUWlBT%2FF58%2FXq36Dokm%2BGYcmylMHsRT12tOrJowZkxvE6gshRFXFG1jBshiLo6%2Bny%2B6LtwluK4akoDITyzIzWm77rEMYm1%2Fya94nDpmNu2Rs3tEPrV0ZTODsbWqyaFa2xLbpwGCJChqMDqr%2B7EpNBTefn%2Fm7WUPNhh049Z0SeMqENQcl4GV2BeGrFGQK8Yg8WmITD4Bnl51QKs7w35LLfVZRqpNe9PCrMXBAKdxpmR%2FOe9hARgxC56kTdnu%2B42q5%2FZK6elZDjYAH6i5LUX%2BE2uYwHxpthFNqY%2B356lupXS1khY970tHcNs2O2r6hbvCPoObZprIF1A%2FmMNZCyorJ7hCzZL%2BXFRg8u0G5CDltgADeJJ%2FjPwd62z68jw2popvk5HxytjbrmvguYxP0%2FXEcaW9CAkCD4CGdsqrNjWlAYjeoiOpDBORSWAkAJhttyjnknnuGMwlaohFRrQAau4fTwOUqyF63FjwpQRls%3D&nvMid=29142638618&catId=50000262
Apple 워치 7 GPS Nike 41mm (스타라이트 알루미늄),"451,150원",https://cr.shopping.naver.com/adcr.nhn?x=aqF5lAHQQTicOPKKcCA3vv%2F%2F%2Fw%3D%3Dsd7t04riGmnkwvUbXYziuNmk8jCuC6lizifcj3Hpduq%2B75iKvhlrHJJ3Ac0zbTnPrsKCvvbrh4qTtnR03imwHE%2Fo7mE5vhNtDymBGQwdUFqRPPTRvIZNU9a9jJvEKe3boemx9sLEL5pNaQP0JJD2HU4ZnlrSZr8PDPdBCvs8uWtdeJxHcKH4rYUhc5SxvGs%2FQqWGtBTrVLwHxJtJYKxyXgKDokm%2BGYcmylMHsRT12tOrJowZkxvE6gshRFXFG1jBshiLo6%2Bny%2B6LtwluK4akoDITyzIzWm77rEMYm1%2Fya94nDpmNu2Rs3tEPrV0ZTODsbWqyaFa2xLbpwGCJChqMDqnAXqiwm0B5qoLw1E91mRoo9Z0SeMqENQcl4GV2BeGrFGQK8Yg8WmITD4Bnl51QKs9XFPtdsDjtB%2FVF5ZjKcQmMKdxpmR%2FOe9hARgxC56kTdnu%2B42q5%2FZK6elZDjYAH6i3psSvfaUfCa8Oea%2F3pzt94OSWi0jgVvYFlW0kTeGieY6W%2BtkvJCMRc0LKRdtQCltvI0fIFRfBZUPaSLRPGc3PJ8R20G9dge9X8pQZu%2BspROvdwwWzle%2FQFb0CpYAfpXrPoLRdeTzJJo5DQ5ovPMjEUW%2B0nbx%2FJCLIhwxCqJ7V%2FzdBrrYKnK6JvFEjcxw5L%2FM4VsN%2FiAcjmtIwlTUFZwg6A%3D&nvMid=29142411620&catId=50000262
Apple 워치 7 셀룰러 Nike 45mm (미드나이트 알루미늄),"626,040원",https://cr.shopping.naver.com/adcr.nhn?x=u5cFLZ38gsywrQMo%2BPs8tf%2F%2F%2Fw%3D%3DszcxlK%2F6cWqZ7Ift%2FsqppPJbAnXewevS8Oydrps0AeINnUv6QlakmgEgE5uvJuJyVm4BUEQIOaOpOXqgT5cDtHwi61e9oI%2FaoDyijPn0AQhbfnY83YSA1Fx0Vh3w04JW7HmOO835orl54xPzlvFvv%2Fd9%2BKy%2Fm0d%2BgYWHtEf61Jo5CNclKwvLyA%2Fys%2F%2FHPPajLc6BUyD%2FHmv7c4Qi%2BxOkuwMX7HjmKjeQCLmCa6lXMHt1ul0sTtLOMZZxTm2jT5X61cSy8UjBpqOgCUEC18bAJ5nre9suI4scHI0g3GzUwUViAbCY81f975eS5nfR25FBiP83WAv8GAIoQ0MwLPWeb%2FVmWWTO4ozHuE9FmQMnFN0kVjQCpIk5kx4sJW2hrRfnKoPT6JPjnUxIV7YfRXl8%2FnTDNGwZafIwCB3%2BiGYQ%2FPS%2BZzZyDfGo1SQoYRvXGDzWd8Oq7%2F0%2FbHss%2FIaen3lF2MbjDR7A5d4cR1e2EdloNqRjV%2Ba8Kp51L%2FpBds8DOhAOve67cuV65PHj7zhMWA9tayS530VUNlzF3aqCacPhxyVguSjGMBSKnhYbPsoOqsFjNbE%2BciJyaIwtn%2BEcQGfRR1BGk4XMJtozo5T3u6g%2BJ%2BOuOt9v5md6cwUK4517Bw5zVoVM7YgdlxKM1Cdr6j7Wb8c2OqH9l6YII5ugOGfB4CYY%3D&nvMid=29141782627&catId=50000262
Apple 워치 7 셀룰러 45mm (그래파이트 스테인리스 스틸),"782,830원",https://cr.shopping.naver.com/adcr.nhn?x=E5GEf13NFVhyVlOrZ2xjjv%2F%2F%2Fw%3D%3DsuBWy4S3JDzSMndV5NEqPz2YZDmHjSEuxGNjWLJHhv2dnUv6QlakmgEgE5uvJuJyVumzTRAQF7pU453seU2rBygi61e9oI%2FaoDyijPn0AQhbfnY83YSA1Fx0Vh3w04JW7HmOO835orl54xPzlvFvv%2Fd9%2BKy%2Fm0d%2BgYWHtEf61Jo5CNclKwvLyA%2Fys%2F%2FHPPajLjLx7PL7oslAbjX1sQQbKhsX7HjmKjeQCLmCa6lXMHt1ul0sTtLOMZZxTm2jT5X61cSy8UjBpqOgCUEC18bAJ5nre9suI4scHI0g3GzUwUViAbCY81f975eS5nfR25FBiP83WAv8GAIoQ0MwLPWeb%2FRuwcET4eVVNDzda2nKK6u4VjQCpIk5kx4sJW2hrRfnKoPT6JPjnUxIV7YfRXl8%2FnauhOcsAnAhVcXtqMN5oI7uZzZyDfGo1SQoYRvXGDzWd8Oq7%2F0%2FbHss%2FIaen3lF2MVV%2BdwJNvV3UXNBWL9tUo3bv03ChNYwUhbGe%2B8unHAHUIfDeFCPOOicG2F9Dl8G6iUT98aOkkMO%2F%2B%2BjNTn53af6PDTaQrhimnE%2Bn8wgFw%2F9yvgLPh5gsIP%2F2JgE0%2BUkj2k%2FAJcUmJF2ix%2Feizcr9afVItEvfRSXX85wl3QTQ%2Bb6kJu6Bp3Rlv66nyLFmunXJEm9TZjqEQTAbFzUBl8432wvhVEAf6wwM5tqtSh0bB5Hx&nvMid=29142028636&catId=50000262
Apple 워치 7 GPS Nike 41mm (미드나이트 알루미늄),"445,200원",https://cr.shopping.naver.com/adcr.nhn?x=X3fZMEDL%2B0lDnSf8rW7xa%2F%2F%2F%2Fw%3D%3DsVvtx%2FlGrmRLcbgdNfLPF7XazHdXXQRY%2ByxrgPhH4Mxe75iKvhlrHJJ3Ac0zbTnPrE9sRApImyymJY%2FhByfYNkd57ba%2BfCjQUjlKQI7IAxNxPPTRvIZNU9a9jJvEKe3boemx9sLEL5pNaQP0JJD2HU4ZnlrSZr8PDPdBCvs8uWtdeJxHcKH4rYUhc5SxvGs%2FQAEZw3CLxNu2XGEH2IooLlqDokm%2BGYcmylMHsRT12tOrJowZkxvE6gshRFXFG1jBshiLo6%2Bny%2B6LtwluK4akoDITyzIzWm77rEMYm1%2Fya94nDpmNu2Rs3tEPrV0ZTODsbWqyaFa2xLbpwGCJChqMDqhVsm99kk3IkBj8Qd6mxMP09Z0SeMqENQcl4GV2BeGrFGQK8Yg8WmITD4Bnl51QKs32Q1kkiDIrQxatSGKPHH2sKdxpmR%2FOe9hARgxC56kTdnu%2B42q5%2FZK6elZDjYAH6i3psSvfaUfCa8Oea%2F3pzt94ungzgPUcNvOfOramD8BtE6W%2BtkvJCMRc0LKRdtQCltvI0fIFRfBZUPaSLRPGc3PJ4UDCVStnfqJ6XG%2BDnXwb73V9fSMbV6ecwKjW09nuQUPoLRdeTzJJo5DQ5ovPMjEU5wVp7shFbNBHkey5fOXklu%2B5x3QON2CVMhO26USXDactVYavx%2B%2B8fWZa9SBc8rqM%3D&nvMid=29142357622&catId=50000262
Apple 워치 7 셀룰러 Nike 41mm (스타라이트 알루미늄),"517,440원",https://cr.shopping.naver.com/adcr.nhn?x=sjAPfDy9to1nVhP99Hpts%2F%2F%2F%2Fw%3D%3DsOO7EF5nzT87VKiyOBnkRpEWI6X36uT%2Bxt0oewHnoGWm75iKvhlrHJJ3Ac0zbTnPrIWUROI8P52yvScyK5fUjavo7mE5vhNtDymBGQwdUFqRPPTRvIZNU9a9jJvEKe3boemx9sLEL5pNaQP0JJD2HU4ZnlrSZr8PDPdBCvs8uWtdeJxHcKH4rYUhc5SxvGs%2FQrUarQlbo8Bk3Rp843vVV46Dokm%2BGYcmylMHsRT12tOrJowZkxvE6gshRFXFG1jBshiLo6%2Bny%2B6LtwluK4akoDITyzIzWm77rEMYm1%2Fya94nDpmNu2Rs3tEPrV0ZTODsbWqyaFa2xLbpwGCJChqMDqhcDFI%2BS6k04CN%2BVkTa82849Z0SeMqENQcl4GV2BeGrFGQK8Yg8WmITD4Bnl51QKs1qcNRQ0k1FRFj1%2B%2BHz0VzkKdxpmR%2FOe9hARgxC56kTdnu%2B42q5%2FZK6elZDjYAH6i%2BdYlPVtvsNEnOHEBPrqRg6RX6wADlJDg0AexHYh5gP9SICKfj7jUsDV55VqAuKK%2BBFAKvtBb32ikV0R8QV5p%2FFtb%2BBg4a4FgmguzasBiisZRgeOBmbOhUrA4oXngZ%2BKPg1q4RxHKdKf%2Fyis4rudz3R8KI4vw5rR2qNJkFtfTNyObggs2DfpKrXgeWJ0EFjcMldznR4EhPC6BI08fc6TT2xWkbDrUFJ2hBG8QaB8WVzn&nvMid=29142638622&catId=50000262
Apple 워치 7 셀룰러 45mm (미드나이트 알루미늄),"619,000원",https://cr.shopping.naver.com/adcr.nhn?x=uHQN7zKNdE9dcM5fLB3Zuf%2F%2F%2Fw%3D%3DsqVwNWwsrvWiBQog9AmZvklQwrjPPY4bFhWn82AZc9%2BOytpWmby81cz32w%2BSVrog3TwErlUEo7coTsFiYwQwrqpCZiTYFG3W%2FaSvz3UHSA3b%2BMuAOFmVl0cyHsgcHCL9azebvFn19OFX%2BI7aThsMfc9of6jW5jHdz%2FbROY2pgmykLiAfJ3HXoWmLy01Zq2yZRLeDb%2FD4L399w5T9GpVLRbM16uHpGJGNsGiUiyiJa1ckxHujmUwBPmpEOK91Y30dq2J0qDwdE8fpMVAvR9dwkfdelrCCBEF0LkvgzUX5nj8BD4P%2Bj2CVvS6QkrpszyaIoCuwrUM2Vi5bq9fxYHuPhKVMrZG7rEuNkfYaK3MrDkIQAJm5%2FUG4PPMfNcIQOVPQ45adVVOd36sZSkwU%2FrusCgkgVDDwsn%2FzYSYQgPK3u6rZ8OuOGy%2FTQOrD1rPdiK3Qg4LKuqQYUE0mXhFor3Q7md10EoKIAzQblqOhDPCqC9y750ljTjiiNBoL5OZDysbc%2BgqcrGubkxB0lFbDNisP4PS%2BWIl7TPc0d7EWzf0D0d4pTCXZwcI6D0PrDlnTCypesiQYF1UgI9bwtzVI%2FNh84HGJxyHBE3CYnzhPLG%2BOCDMUfnBz17x1Gd3PtsrGc4ouJQ2g48oemRzUoFpcPL7eMGOR79U%2F6Az3gE9mQ%2Flgn57E%3D&nvMid=29142876618&catId=50000262
Apple 워치 7 셀룰러 41mm (그래파이트 스테인리스 스틸),"799,000원",https://cr.shopping.naver.com/adcr.nhn?x=OZnhDKFlK08zlvRVv2v%2F5P%2F%2F%2Fw%3D%3DsCzDkNdisIBMV3bQdl6zcoJJKy7OkEQq72%2F%2FLBbrjNYiytpWmby81cz32w%2BSVrog3vSNmRKhDz1FyvQPS6iU9k2sjRIQ4ykFzO9%2F2C49pyR%2F%2BMuAOFmVl0cyHsgcHCL9azebvFn19OFX%2BI7aThsMfc9of6jW5jHdz%2FbROY2pgmykLiAfJ3HXoWmLy01Zq2yZROD6SBT6r26zDz9ZNyHWrqs16uHpGJGNsGiUiyiJa1ckxHujmUwBPmpEOK91Y30dq2J0qDwdE8fpMVAvR9dwkfdelrCCBEF0LkvgzUX5nj8BD4P%2Bj2CVvS6QkrpszyaIoCuwrUM2Vi5bq9fxYHuPhKSFyY%2FILVyQD1q7b7PDJv3F8tW6cJOiXnqErpPo%2BGD0z5adVVOd36sZSkwU%2FrusCgqX4Klaa53dviIveQvZMQAR8OuOGy%2FTQOrD1rPdiK3Qg4LKuqQYUE0mXhFor3Q7md10EoKIAzQblqOhDPCqC9y7E4bjgoD8VBt%2FWqfNwNnMWzaMFYc1uK4tYNXPQiWPBKRF3%2BhGqKTKYZIkk4YlDq6ZcZ8pgTGru4bgUYhRhw82xbIv9lLKXMAvss%2B6bDCjfFlZrs3gUxMQaTXnCtWJrj357N0%2BKs0gSFTdhwMrBXaDki1YR5ij8jBEP3RPE3waqIYgLkxRWNRlGXNl%2B0kSVY4YOEsHC78VBLnFZh%2FnDobeN&nvMid=29143004618&catId=50000262
[신학기행사] Apple 애플워치 7 & SE 모음전 (선택옵션),"474,050원",https://cr.shopping.naver.com/adcr.nhn?x=mSiE%2FEMLpf9dcx44S2i8Kf%2F%2F%2Fw%3D%3DsafvMsKhBgcQRtgHXpnNvPbblVbDE2T1VyHIKxvgnueW75iKvhlrHJJ3Ac0zbTnPrAOuuocCuh8st9DLMIkPpmewVo1NTa1Ot77Q7GvUBjF1PPTRvIZNU9a9jJvEKe3boemx9sLEL5pNaQP0JJD2HU8Knf8MCTviy2wcatzF5dszCZpBTdrt3bWAArRPnKowazZztvLlYniS7XwRevxknWxIy4sCSOemNPuIpIzml82VvJUlZpMi%2FZIvn9NtWRobQ1JttgEd83fK%2F7TSLaCwXK0sZ99DQItm6%2BXDaRJOXgnP2I%2B1v1c3khV0dZIjNqKNCwc%2B%2FjkR2vl%2B%2B%2B%2F%2BVPNlrhVaa%2BT4oQw%2BfoFnAw4szZAgmaTaw87mmfIK7txvYN7n0rxn3FgoB55e6wbEyBHEnRD9KrfLrgpmyYL2AQzAcbZmeVt4ocBhq1gOYIwCV1E3HseNbjfKWW7Q6q9tVXJzsyU2nEJaL6PIqkZH9lSgwHQsdUYYs1zcHBcOhpALELd8PJj5bo7ykgvXzdNnCJWWqZ6EiygEuO08T%2FTW6BMoes8aiiEu%2Fo7tdhiSiZW5YrffahGh7YBrjpxPjYYFdxXGpAqvtUBvfoSsQPvEM6ZWUZTowyz7uDdrDso0nhO5ySVT7ro2jnKoPTWEaZ1T%2ByBHFBVaFndIwdNwuWmKtx1HNSCrUkiyUGZ3FpPHvE7X48%2Bhb&nvMid=30844351378&catId=50000262
Apple 워치 7 셀룰러 45mm (스타라이트 알루미늄),"639,200원",https://cr.shopping.naver.com/adcr.nhn?x=DM9hxar0g9sgLGHB4OexHf%2F%2F%2Fw%3D%3DsIPi%2FJjtQy%2BWwV%2FWd5YstMLs48GgQAx9tekThz2Da%2FRu75iKvhlrHJJ3Ac0zbTnPr3yUwalVAo7rAnIQKNPBb6%2BwVo1NTa1Ot77Q7GvUBjF1PPTRvIZNU9a9jJvEKe3boemx9sLEL5pNaQP0JJD2HU4ZnlrSZr8PDPdBCvs8uWtdeJxHcKH4rYUhc5SxvGs%2FQTf98Jlm0DVRlFDrYZkJJO6Dokm%2BGYcmylMHsRT12tOrJowZkxvE6gshRFXFG1jBshiLo6%2Bny%2B6LtwluK4akoDITyzIzWm77rEMYm1%2Fya94nDpmNu2Rs3tEPrV0ZTODsbWqyaFa2xLbpwGCJChqMDqsLlquwfP7KRFekBjg9L4U49Z0SeMqENQcl4GV2BeGrFGQK8Yg8WmITD4Bnl51QKszvc4n4YO72PXvqV7IOr%2BGMKdxpmR%2FOe9hARgxC56kTdnu%2B42q5%2FZK6elZDjYAH6i15E5jdgdGhobgtUjUH6UUyYL3eSptVcXRdoYlqouafeTcCZkBTfJEuxOOm4l7kfGKOuInwfQ1XmfH35WvRpRXZxy02DRpUMaxNBXUz4u63haV7VeOFUMQqlg0hQynWhx46%2F74bs%2FzNmznhIO5N5zjX%2BHJOmPdFd52eFi%2FKiU2qkHkdntCVfz13UoHtqC8MZ62hopkeKUdu5q4dSKA0zkoA%3D&nvMid=29142638623&catId=50000262
Apple 워치 7 셀룰러 41mm (미드나이트 알루미늄),"579,000원",https://cr.shopping.naver.com/adcr.nhn?x=6UPoAOtrBj%2BW4eRjbeMPxf%2F%2F%2Fw%3D%3DsHfERK2Eqde2C%2F0HInX%2FlrGb4Tx%2BtmNSq36whwgDQQ6xnUv6QlakmgEgE5uvJuJyViFGOdznVf9HJUd11wNqb1Qi61e9oI%2FaoDyijPn0AQhbfnY83YSA1Fx0Vh3w04JW7HmOO835orl54xPzlvFvv%2Fd9%2BKy%2Fm0d%2BgYWHtEf61Jo5CNclKwvLyA%2Fys%2F%2FHPPajL5HikOjBpDUXj0AvSE0MOSsX7HjmKjeQCLmCa6lXMHt1ul0sTtLOMZZxTm2jT5X61cSy8UjBpqOgCUEC18bAJ5nre9suI4scHI0g3GzUwUViAbCY81f975eS5nfR25FBiP83WAv8GAIoQ0MwLPWeb%2FdTOXA5B37rL4fssjQDFbl4VjQCpIk5kx4sJW2hrRfnKoPT6JPjnUxIV7YfRXl8%2FnW43dlt%2FtawM4dMvxT3cTGaZzZyDfGo1SQoYRvXGDzWd8Oq7%2F0%2FbHss%2FIaen3lF2MSs%2B%2B5X1E0Qb34clZM%2FXCPPiplkUAn6Mo%2BsOWzmLpT3uWYAaz%2BkRB2CBDe9AQTZV3lxnymBMau7huBRiFGHDzbGej1B4vxV%2FCTgGZsCzR%2FRD7DZpSuNJJ6Mr8mm6%2FxV2AXs3T4qzSBIVN2HAysFdoOQ3iMkZOkJENQ0ftoD6PtuviAuTFFY1GUZc2X7SRJVjhg4SwcLvxUEucVmH%2BcOht40%3D&nvMid=29142640620&catId=50000262
[공식인증점] Apple 애플워치 7 45mm Nike GPS 알루미늄 케이스 (색상선택),"512,050원",https://cr.shopping.naver.com/adcr.nhn?x=R0C8lOnQS0dPhDe5fc25Zf%2F%2F%2Fw%3D%3DsmedtqQWm1PNSH9zIHcIhDy2Zbz0pZ3Vrqp%2Fr1h%2BshQiytpWmby81cz32w%2BSVrog3hPGfWh6zRAy%2B989O86MSD8TUjOmCxT%2B1ij3jCrm%2F7mT%2BMuAOFmVl0cyHsgcHCL9azebvFn19OFX%2BI7aThsMfc9za0nhV2X%2FGMzKPYhSZkOmrGSC9vxBCajJJd%2Fos9Nhn%2Fvu3cv7CEVzOOEya6wzgWi6XLPd04xJcVPZmgu0dQkx%2Bd7tjB3Tjt6a%2FoUCj7LFRsTTwiUaRTFNviAHNQmrMC1PFc92%2BtthBre54CCRDLldpfWCVH31GkEXo1XrfHiTka%2BpHa6ewb0%2FDpcGez9%2B2Mmaf7oVVn%2BbTDsruUdhAA7t8QFm7IaMOATmjHXyU1Yu8Wl3oeQXg%2BWtXJGNPVh9NbIlic2qWZFVRg86VbiLiniDIJ6DGCSqQPKkN3wpSiQa88xw0CL8AwDoEgaCIsD19D2dSWMIr4HputZ9GyCzBiHSIDubMrBXIE39CzxRzZIq2Crr7iVomIOmmYsb4wC2SNPasBfXUUUeSTLzAGxKc%2FY%2BOUgK6HhqJ5EVJjtrPgJjyw0dq7nVrmRMbV9usMZOLUvAQsZKa%2B6fFb5OU3cYwxn37W33f4fbrjLQ58gqugnH0GiG0%2BMD09kVauJJ3YSFa1AJLo1GjzKGRBHU9fZ%2F4rYRFT3h5XkqHg8%2FSp5f8g%2BVzy1Vhq%2FH77x9Zlr1IFzyuow%3D%3D&nvMid=29164070896&catId=50000262
Apple 워치 7 GPS 45mm (그린 알루미늄),"489,200원",https://cr.shopping.naver.com/adcr.nhn?x=ScKlb%2FmM5%2FJ5SZ7vTRJy2v%2F%2F%2Fw%3D%3DsLseNZhXkAlJbR5m40BktwxKJm1AtBVl%2B8px3AcdKGGVnUv6QlakmgEgE5uvJuJyVLwlKESzC0Q9h6RBnkwIOZQi61e9oI%2FaoDyijPn0AQhbfnY83YSA1Fx0Vh3w04JW7HmOO835orl54xPzlvFvv%2Fd9%2BKy%2Fm0d%2BgYWHtEf61Jo5CNclKwvLyA%2Fys%2F%2FHPPajL5cdYJXB4coxJfH573xFIVMX7HjmKjeQCLmCa6lXMHt1ul0sTtLOMZZxTm2jT5X61cSy8UjBpqOgCUEC18bAJ5nre9suI4scHI0g3GzUwUViAbCY81f975eS5nfR25FBiP83WAv8GAIoQ0MwLPWeb%2FdnBR1piyXwxElMUidy8%2F78VjQCpIk5kx4sJW2hrRfnKoPT6JPjnUxIV7YfRXl8%2FnVDkKsXiex6V6XK4GXg5pvKZzZyDfGo1SQoYRvXGDzWd8Oq7%2F0%2FbHss%2FIaen3lF2MVI93nFVLUyXnyvDqchl6MRqj9Bm%2FI%2BBDZusqGyHdQCNuwP9L0j7YvHB2OKNn2rLcKiT75q7WaRwPwZwAPEFVF5Cf%2F2V%2F4OvUlvrBG%2FmYvOhv4YGjJCSIW1IvBxXT1wG92Mpv6N6hPL%2BlC2xveqTuv50Gutgqcrom8USNzHDkv8zhWw3%2BIByOa0jCVNQVnCDoA%3D%3D&nvMid=29142256623&catId=50000262
Apple 워치 7 셀룰러 45mm (실버 스테인리스 스틸),"1,047,000원",https://cr.shopping.naver.com/adcr.nhn?x=t8ykD5A%2B%2FETVh24Lls%2BAjf%2F%2F%2Fw%3D%3DsdYxFcsl0WWb0BlBmTkUA8LS42gqqcK58c3UdrnlhpAiytpWmby81cz32w%2BSVrog3Php8%2FXgLy0ushz%2FL6FQ7qa91FvOOeGU78gqYibYerjL%2BMuAOFmVl0cyHsgcHCL9azebvFn19OFX%2BI7aThsMfc9of6jW5jHdz%2FbROY2pgmykLiAfJ3HXoWmLy01Zq2yZRt8uAv10wDRwD2KYMqZP49M16uHpGJGNsGiUiyiJa1ckxHujmUwBPmpEOK91Y30dq2J0qDwdE8fpMVAvR9dwkfdelrCCBEF0LkvgzUX5nj8BD4P%2Bj2CVvS6QkrpszyaIoCuwrUM2Vi5bq9fxYHuPhKXxWC%2BgkHeD%2F837pA2tuIT2aVxIehfnvzgNkSSDArvBv5adVVOd36sZSkwU%2FrusCggXqaCsS08f4IhJe8XEku%2Bd8OuOGy%2FTQOrD1rPdiK3Qg4LKuqQYUE0mXhFor3Q7md10EoKIAzQblqOhDPCqC9y6am%2BVoBgbC8d3BJPXThl%2BkHXxwOBRVAjP5xU90dTW2%2BsRjqYGj19CJWq74VPfKjSgtCtgNcxCMsQAdnHGaxHUhH3J%2FbxPRqGte9Wh4OXcw%2BQ1q4RxHKdKf%2Fyis4rudz3R%2FGkwNLYh3Sh5LIGymrueek%2F4gbNSlnOUhUZgDLp6Uv1aFndIwdNwuWmKtx1HNSCrUkiyUGZ3FpPHvE7X48%2Bhb&nvMid=29143012618&catId=50000262
애플워치7 41mm셀룰러 실버 스테인리스 스틸,"823,530원",https://adcr.naver.com/adcr?x=5DHUCeRbgTDO8rSk3PdC2P///w==kjm98SsQDEKVEv6r+DxV8EQx6KeTyGDHOx0tZX3Su+M14qomRPhNMeX7lkhoipatobEpIkIZYqEjRgm8lyp+Efp55/wU7rVvU9CEa7BhiyD9YNzDnMITjcnNunj74cuyPyn+XFlYth7HdVN2pjQIT/Tsbo3dBqNJzLLflkW9KQwEw2/me+2P67AZa0chAzKDlL2R8JGZ/6Yic5n6RCE20fll+1mNJsxE7qPyGSTQDxoo5ueRRKZOjRAD6qJ59kC5F730dz1WvG5fFHLcwWi74SN7so7RbZh+JWHmV+MraPRbccYcdhq+smWkS8daOj08EJh3mQmoD83SwnwXLPmXK100a62jYOgB3Ak4LMOKXvz1mWPOn9c5/ZcwoZ7BtBLTvg7JyUYbieKsPO5JxjId8H8oIpMTYkPyH3MsfCZrnmy/9fG4A/1/TxtG+c4z/dziKdiXxsUQQoWEXhD1vzS98zML50XxTH/9jdd1JU2rRg0gqgtM7GzJJPN+7rXOjFcH0SHLbE+ksr7U7soT9cbJK6fbM0o1kMtg9pmdwQEHDk6566MxdsfSkerpvXspQEnpp2OP/PkyZhL8Gy7GG6YG5VvqO3/2Y4T6vYQt9ztUnHPu8sQnT0u/ImzNDVKNFq4Pat5QmjUETpiZYWJzwh0YAyFoOJfuDE2gg5drpfs17we/LwDAbxnb6ODyYfUm6jnhdcc0TC0LHMCqkkobEz8NWvXOoFHvPW5MyEJtaNMfpsJjtPCFCcJEoySri3pPKuMnfJBgkJfiq0Z8eaR6w1ol9/lhpNWhBfJTTVp6r+hW+R+4KwoPkw/nJ9WWrM6lhg63YllSaCFYxcMqeR0cSXuZ7O22Uy09N7FRSvH3hoO5X0ckt/zDB63Ocyisod74qPUuP7JxGGZJlUU2BodniCNr1fmeHJaSJ0mpYXLtnxVOStEfqdS0+4wLErmMTKtRfd12hIbMCWNnt9nSlFA44V/JaH/k4UGtFT6wxkJ99Raf0GJQ=
애플워치 7 미드나이트 MKN43KH/A,"474,050원",https://adcr.naver.com/adcr?x=5wUgCe3gikxnlrFlovVNqf///w==kqv7rvr5uw4ga7mSju9KMW9/heeoecS3oOQvxmdzOz3Vq5Fli7llYA9KohVWWbDoxmMGHULb/F1pIJB+JTlrR/Bex3ihZshn/kf0824GVuoOGYIAARAjiHeCR0sw673tLZ/FCVHfWju4YPm0mTdjYbL8rtu5Mey/DzYflqRR9c0A1Z+zyaw/aAV1AerU995AOTYvjSx8dYqGLdXd9R65XdxWB4ch9cW73cc+X781B00GLp8IJMYWyCJJhpE4T0AktVUppOlqy6OTNeh1ORTskxPr3BDh8S6zZ/7aoG7KHhWw/2leqVg8KgLk4nVUpkqrRATB84v5EF+OiVZmNcxqrtTjQJbZDNLM1ZbfSN3OCf4AEv4Kng721LLyMKCUBO2uftWrsN+GZXHOYLAB6+nAqgNZ0sKQCQy92BSyPb143+MPK2y3Mz0MX7xXywSFDaSzHrzYUHzglb4NTqah2Xtjc6ih6WC3IUlTgCXoCcVDnTcjzZefTtnsvRpsrNBlgYPyfveDvx/SgaLy3CZyhKyAuJWXPLqzNVpx1bmgIngy/tu0vfM8aITN1R5hRz+FuB6uWmz35SPp9gXVxcBRxgQ3oXLy1zIKnpXzz8Zr9cX/IWPuZXsR4S1IOhY2M8tx/R9EbCStZN50iWuLBhbKkF/bdtW1qDGvK5WwlbTAuMdfgvFIdHGk3GdWCj9xhs5HRrSS3Ks0N1XTvq+NeKy391uHEXp6fSfK+FGe4JUrig+ZNZq5rgLSMTYlMvhvG4W9xcnwIqOQ2pWkEsG1PKKhIfBQkHEVr9tHnCcZ1zqfuYsCyeVlKDwHIms0PZfnbN4lRO7jcYcp81xnwrbInVJ4CA3rLCTAORo2dYS6088OZCbSj34SFC6xRoAoS+PUJwFyXRFyyXLN/hZ3+XMtt/vBvl2TiYUx+nfYziLdZplIHsp5bF51YocfjhkQHdjZnZIhCDDV17CZXWRXrMgN9/wtuajWRjGPJxhEb37WLN2eu5AR1SUw=
애플워치7 45mm 셀룰러 미드나이트 알루미늄,"639,230원",https://adcr.naver.com/adcr?x=SOoVArVSkHoNUWocpfJh/////w==k8oJQ0S4uCcvWWMix/bviuHVLMf4839xS0lOdtiWoyKJ8mhkrYYvxIa6/3s7X5hhUNmzjMTuwngXyfQNaNJzDxTZI+MEgnVDji3kKKik46U+6AyYtQKF+6cD4kK7i3577T1TBcWzSl+VklbXwtmkzvyKpJ19IjbcyC70z1Kcv3jeBpGR94hl1Ik8P7Pw2T7JsuUO5Nnw887geM8csADF+eDvUNuUhZiWiyj72mNydFxcwZLhv1rGOf9MOibywxd5mqYJRehTNi+Ov6awToLZnxTYpifR6KhgBybjs1ikyIi2RMzb3jyHmFyr8rp74PUi57BU8dYxin+AO+XqyCDmo1RbudTPbtOy7n3wgsD88BBFpiHK0kdKTENZ3TAG8hUjS0ZMEysTa/ATVA/llK5LnFQfPUkVw7RxNWcME/88YM547Sjwa44pV6SdmkYOUMDnd/dZ+YqL0TwL0fMcSTxqRIA7ImtbGDEssGiMixORscHu+rj9FTHNTIsq4gCu3q7vR8sOkCIPlBkzQi/zCoUI6wcHUagYAvoN2XoDhCaRP/B3qqxWCCWoK32ZbiSfaT0IItj0M78uonYgOmjVjmTtgVtCbFp2tBj7tViUEuwgtm75FgFfwTzyLzLF7oy9E0YWvhqaqcsYVzROJYWmTEQdP4HEUuGJuZT38MSssQLnmx2p2wAmCxeq2veB54IrnPzyhfHWQhMg18zKH4T2AEb68IWaezWalHqGZOhujEbrH8mVrAmgaWIQtV5a9qitQUFiwft4rqicVmHRVoinIr0i0emsBb298FTgx9apRkoAnEHGANDpLSbltWr0fHLTgdOo8jub+aaRwuEJq/kRiVhckxX53283hp2FA5bv1QQsoKgN3xvkOTuWiUjRJjiW26nblHuaIbESrngtBTD56KOw/vkXZFbdWdPgUA+urSSUJcWWZAixSGQsrGLO9grWYbuLTLxn+Ndj8suGbAgn6DDFiaw==
Apple 워치 7 GPS 41mm (그린 알루미늄),"434,320원",https://cr.shopping.naver.com/adcr.nhn?x=1WI8QxWr8waCPo5vGrOdu%2F%2F%2F%2Fw%3D%3Dsp0SJ%2BfBoNT7VaY86y8Gss6f%2FSQqV2OxL6EAt9zTq9yW75iKvhlrHJJ3Ac0zbTnPrVsMLPYbZvidIqNPOh8u2VsEJ0eRaX2S93XJFDdiA4pZPPTRvIZNU9a9jJvEKe3boemx9sLEL5pNaQP0JJD2HU4ZnlrSZr8PDPdBCvs8uWtdeJxHcKH4rYUhc5SxvGs%2FQb7r1CY4CAIcd0%2BzOItlqB6Dokm%2BGYcmylMHsRT12tOrJowZkxvE6gshRFXFG1jBshiLo6%2Bny%2B6LtwluK4akoDITyzIzWm77rEMYm1%2Fya94nDpmNu2Rs3tEPrV0ZTODsbWqyaFa2xLbpwGCJChqMDqgtfoZv2laoIaxxe1IBXgpg9Z0SeMqENQcl4GV2BeGrFGQK8Yg8WmITD4Bnl51QKs5Jfs4e04rdURwVxIhT0VbIKdxpmR%2FOe9hARgxC56kTdnu%2B42q5%2FZK6elZDjYAH6i91yR6d1hKpaJGoaD2LYniRsVD1073WwisVAK5OsJm%2BAT321tPCOtMN68cvlNiHOa7C8piWY27xLiaXP4der%2FHl28XGKTpc0cDEPwXYm6WUkEs8cFUTVf2EXpmSuc9bAhD287TMxVkTx53dSdhe64IZnh160sOuuoERTEjdh4ikUzY6of2Xpggjm6A4Z8HgJhg%3D%3D&nvMid=29141777626&catId=50000262
애플워치 애플 워치 시리즈 7 41mm GPS 스타라이트 알루미늄 케,"504,510원",https://cr.shopping.naver.com/adcr.nhn?x=6LnE%2BLCzKDEiz6pyATlNBf%2F%2F%2Fw%3D%3DshheNxvLA2i2iUpsTdS66%2BTnEnCL%2Byh08CIA1pRhlYY2ytpWmby81cz32w%2BSVrog3KSPdA2B5nuIenFuAeDVx0IGeba8823J99OT9OvLGg1P%2BMuAOFmVl0cyHsgcHCL9azebvFn19OFX%2BI7aThsMfc4orX5ukJGuzuIj9UtkjK5tgauQHE16zfysukfRfAAwZBJFHASeh6J9fkRvoJkfx3oRlL4soPF9Wl0NwO8Z5dSHaAW2RavFNh7WBVY6cCkklAjsm4zzRVygpKRWgUZGCBoaQDiPdZ16nhsUNBy%2BF0jlp03O5v4jZFCGgoV6Pu1UQ%2FOIq6qLqW%2BXB7aAhUB%2FZQCVdN3LpKf%2FbKuiZi7z1XJQe0H43W6WZv3IWLjx2bHz76xdkG2M%2Fd6WABtHfaRNa7OWnVVTnd%2BrGUpMFP67rAoLfZ%2F2etq7SWWXCCXkqBSvHg2GXCgnmB8mDmym%2FpquINAZXiQ6qgOSxv6xPHWGXLcmyIZLHDnRg%2BX%2BilYhLzzX6ja8U6YUKXjXYLhVdpRUKhzwSyDZTvwTVjxOroUSujFGevDAqzXO%2FviiN%2FbdO9EKKhEmYF4eoSc%2BWFc7Z9DpprEgT8A5%2FtUddH8iWME3d%2FBlCyBDUAYXzjaVzspmmVt459CN%2FislXlArhDaye1bKIeAP9e5X2PtvmBzNSJwmI1RCDYMhDcXYn87IG6pNfrOuWDhLBwu%2FFQS5xWYf5w6G3jQ%3D%3D&nvMid=31627834788&catId=50000262
Apple 워치 7 셀룰러 Nike 45mm (스타라이트 알루미늄),"618,990원",https://cr.shopping.naver.com/adcr.nhn?x=uAXVCU2ad8LvOynVutQfIf%2F%2F%2Fw%3D%3Dsdh2DTs%2BxufqW9S0FtpRievY06RJ9ZtxDakugi9v0IRlnUv6QlakmgEgE5uvJuJyVK5A3pUZSpLbDh6i7gV0HnAi61e9oI%2FaoDyijPn0AQhbfnY83YSA1Fx0Vh3w04JW7HmOO835orl54xPzlvFvv%2Fd9%2BKy%2Fm0d%2BgYWHtEf61Jo5CNclKwvLyA%2Fys%2F%2FHPPajL7ioOEAR1LIgGDvaLN6NYtsX7HjmKjeQCLmCa6lXMHt1ul0sTtLOMZZxTm2jT5X61cSy8UjBpqOgCUEC18bAJ5nre9suI4scHI0g3GzUwUViAbCY81f975eS5nfR25FBiP83WAv8GAIoQ0MwLPWeb%2FSQuGkixerb6N%2BjMMKOgZ%2B0VjQCpIk5kx4sJW2hrRfnKoPT6JPjnUxIV7YfRXl8%2FnZeNNAuLQFqpCx6FF2XGGOeZzZyDfGo1SQoYRvXGDzWd8Oq7%2F0%2FbHss%2FIaen3lF2MbjDR7A5d4cR1e2EdloNqRgl9ONI5HREzEYtU4wpQ19Le67cuV65PHj7zhMWA9tayS530VUNlzF3aqCacPhxyVhPSZ0qBi80Qs2XGX5J7TKsxlM%2F7wWZuauC0QGF8tokVBGk4XMJtozo5T3u6g%2BJ%2BOtd41DE4nOHgvIgceujTbH6GrXF7Z%2BJqcSyxgKopvNanMcgIRCk8vtGb7Z%2FKGMSEdE%3D&nvMid=29142637620&catId=50000262
Apple 워치 7 셀룰러 41mm (골드 스테인리스 스틸),"799,000원",https://cr.shopping.naver.com/adcr.nhn?x=jO%2FzjVXNZzuu3daU3xnNDv%2F%2F%2Fw%3D%3Ds14Z35rlpbQhI1kJutQkAY9oMmJalz2a5zMxDrEnomKm75iKvhlrHJJ3Ac0zbTnPrMNVjcaMPRTJA46%2FoZtm384eZXIj1PoeZwixLuxEqpc5PPTRvIZNU9a9jJvEKe3boemx9sLEL5pNaQP0JJD2HU4ZnlrSZr8PDPdBCvs8uWtdeJxHcKH4rYUhc5SxvGs%2FQvxtDXyQzREDhIcBwg%2FRh86Dokm%2BGYcmylMHsRT12tOrJowZkxvE6gshRFXFG1jBshiLo6%2Bny%2B6LtwluK4akoDITyzIzWm77rEMYm1%2Fya94nDpmNu2Rs3tEPrV0ZTODsbWqyaFa2xLbpwGCJChqMDqkAymRF5yPsvpexcfHtQ%2BeE9Z0SeMqENQcl4GV2BeGrFGQK8Yg8WmITD4Bnl51QKszEuQDGsxxUmynu06JWX%2F9MKdxpmR%2FOe9hARgxC56kTdnu%2B42q5%2FZK6elZDjYAH6i%2F90lFkC%2Bj9rX4KvLc7Ka%2Fj3kbz6Nt8Lxhg9ou8lQavMfVck9PFhU%2FVsWR42NcUdZE99tbTwjrTDevHL5TYhzms%2BTPG7QmaxxXCEU4gMzUPhupLYto04bOrarT3E%2FLFOfhLPHBVE1X9hF6ZkrnPWwIRHCJvAitdyIvnsjvMSNkqTrIll9RmVz3eC6hDI5rEThs2OqH9l6YII5ugOGfB4CYY%3D&nvMid=29142879621&catId=50000262
Apple 워치 7 셀룰러 45mm (골드 스테인리스 스틸),"859,000원",https://cr.shopping.naver.com/adcr.nhn?x=DWp9SVSrJpYFHpzVVoAK9%2F%2F%2F%2Fw%3D%3DsXdCu5Jn2%2FZkiVVCoTixg%2BIqE8majuYlpQ0DceB1lbd%2BytpWmby81cz32w%2BSVrog3hdVuDKXcMIb28ISb0kJpJAsmiF3dXWQpZMAjjrqqZHj%2BMuAOFmVl0cyHsgcHCL9azebvFn19OFX%2BI7aThsMfc9of6jW5jHdz%2FbROY2pgmykLiAfJ3HXoWmLy01Zq2yZRzu2NFlL%2BDdQd4a2HEHoqC2j8Nf%2BvcuVK%2F33l9jhUQHcxHujmUwBPmpEOK91Y30dq2J0qDwdE8fpMVAvR9dwkfdelrCCBEF0LkvgzUX5nj8BD4P%2Bj2CVvS6QkrpszyaIoCuwrUM2Vi5bq9fxYHuPhKV28UJA13nI7c%2FEehpJ0asIIFGSfCzSSncaM54e5z%2FhP5adVVOd36sZSkwU%2FrusCgjMYUqQpEtHqpXVK1uyiEnxDEfGAfgoJbi6r2byN1XOC4LKuqQYUE0mXhFor3Q7md10EoKIAzQblqOhDPCqC9y5Cpxnnztmazi%2FZtACtYpG8HXxwOBRVAjP5xU90dTW2%2BsRjqYGj19CJWq74VPfKjSh8wPWZwNnEe4ue3RcEYoHKBBW2mTu36O%2F25qt4zQFuLIgN%2F1NgM4LgvOAJ6Euy6vlUedbE4bD4fE0v5mhg43YWl6pSJnMgQW%2Bkr20C7zNd3VdznR4EhPC6BI08fc6TT2xWkbDrUFJ2hBG8QaB8WVzn&nvMid=29141971632&catId=50000262
애플워치 애플 워치 7 에르메스 45mm 셀룰러 실버 스테인리스,"1,871,000원",https://cr.shopping.naver.com/adcr.nhn?x=u6ObafHp3pPmffXVN1wRkf%2F%2F%2Fw%3D%3Dsp39hH37ZGLaHubDAM0KFeyxb9UsoQtgAWe2gnXE%2FhMdnUv6QlakmgEgE5uvJuJyVTBqr0OP97Ymi7rZY%2FMjd3gi61e9oI%2FaoDyijPn0AQhbfnY83YSA1Fx0Vh3w04JW7ym%2BH0Lu9vXmDRMK48j5BQBwjWpYvNgLjiG0HhNz8r7ZTHG9e0sA%2FeBePoi%2BFlBkWgwUqMVXes84r51yPNjqiOu8qUP4ELLl%2B7ouBdW%2BdmrLox7GFfuFVA7xPToeevUyys1nua%2Bd3ff14%2FXRqhyekbOnNZsu8mOOnjSrqKtljeWFU%2F3PcdYp9TC138bQK%2B9djy%2F6MHZ6u%2F5n6uuzlUc6JNEuUiTS4CHUtVxQrWeRhExivAOAFvLoiSNERpdEwEEFyFoqDarGVBp8JijlJZzgikKD0%2BiT451MSFe2H0V5fP53KnfgexiwRJ6weGm02MbZt942cvI%2FN4ZfwREr5zhEWMQOeWmaS3ClZ%2BrdzOxG9i2AP0HmgdipGF76s1AHkiPv76%2BDJpSil3%2Fd36HWJiBdSf1AzaBecar8FMLq9t241UIxYeGySa5Daze%2BAZDFMhhqFE%2FfPvx3mxrJD7wATBRkfECgXFY0ZWZSYYeQ6kJt%2F%2FDrmELFO07QEQYUyi%2Bk709RTJB4kYRAkvu5fk%2F8ukHgS2Bg%2F4u0K1nMLh9GTTrAVjNoDfkLIyuldBS3f8m8e6nLmzUhNzs2VE%2B%2Bisqs3JAEppg%3D%3D&nvMid=30271131694&catId=50000262
[공식인증점] Apple 애플워치 시리즈7 + 애플케어플러스 (선택),"474,050원",https://cr.shopping.naver.com/adcr.nhn?x=a8Gi%2BXMOwgRF1tel6YR5o%2F%2F%2F%2Fw%3D%3Ds1kYBmnbRMdoqB%2ByXm2nGh0jXcsK2W%2FG9axMR5H6TUFm75iKvhlrHJJ3Ac0zbTnPr6mIedbDcMHDy%2FCQ0lFIcv4lCIO%2BZz7l8lQJ34nxJmXdPPTRvIZNU9a9jJvEKe3boemx9sLEL5pNaQP0JJD2HU8Knf8MCTviy2wcatzF5dszCZpBTdrt3bWAArRPnKowazZztvLlYniS7XwRevxknWxIy4sCSOemNPuIpIzml82VunSw3UikUkT%2F8feF6rg0I1JttgEd83fK%2F7TSLaCwXK0sZ99DQItm6%2BXDaRJOXgnP2I%2B1v1c3khV0dZIjNqKNCwc%2B%2FjkR2vl%2B%2B%2B%2F%2BVPNlrhQ0VnN45A6IiSX9iUZbfzyUNL0Wwbjmo6PSC3xhnpHR9rxn3FgoB55e6wbEyBHEnROk8w0LEnyLJO5rqVwiCbDo43%2FFKQvJfaeg2K0axORdvJBktL%2FbMDwI43Xzn%2BCpz%2F9X9pivyiVssMftqblNEom4O47w0OiP9kC492oOiSrlcBbu2YY%2Fcwnl6kdHe0QFB3p6emOw7Z493XuXu6F2hTH030kmJU16Xq2NNXmbJLd5oPhcE3owAhnb%2B3QHNKXjrEq3DAiqx4kRpVuiDshk%2BD2R8CXl251OpmWizflz2KEWcgYE6HI5L2VosJVzEL5xm7biphXth49Jd003INL2NGsHHICEQpPL7Rm%2B2fyhjEhHR&nvMid=29163691784&catId=50000262
Apple 워치 7 GPS 41mm (블루 알루미늄),"415,940원",https://cr.shopping.naver.com/adcr.nhn?x=lMSjfurn1sG3VQ7ApGl%2FbP%2F%2F%2Fw%3D%3DsfqlnsErwzW4QTDbBHC3KSGxHKlihmCf%2FYkoY40JGoKi75iKvhlrHJJ3Ac0zbTnPr%2FLXsQUZ9hmaNl8xNR25EAMEJ0eRaX2S93XJFDdiA4pZPPTRvIZNU9a9jJvEKe3boemx9sLEL5pNaQP0JJD2HU4ZnlrSZr8PDPdBCvs8uWtdeJxHcKH4rYUhc5SxvGs%2FQxpBYYOUScDcnKL7DismlAKDokm%2BGYcmylMHsRT12tOrJowZkxvE6gshRFXFG1jBshiLo6%2Bny%2B6LtwluK4akoDITyzIzWm77rEMYm1%2Fya94nDpmNu2Rs3tEPrV0ZTODsbWqyaFa2xLbpwGCJChqMDqq25OF9gHYfLY0dxdrW5xmY9Z0SeMqENQcl4GV2BeGrFGQK8Yg8WmITD4Bnl51QKs7FJboszB3kedkOLC06oSUcKdxpmR%2FOe9hARgxC56kTdnu%2B42q5%2FZK6elZDjYAH6i6QxFMO3kadB0exFZDsPfoMN6mQ0ICJIu4qdfWo5mfy2T321tPCOtMN68cvlNiHOa48yuSmVIOS%2FM3NsUmzsArzGqQMXzZbNZW2tk46oiHIQEs8cFUTVf2EXpmSuc9bAhFs9wNHmLCXhY8OYZcfA0yuhUztiB2XEozUJ2vqPtZvxzY6of2Xpggjm6A4Z8HgJhg%3D%3D&nvMid=29142447620&catId=50000262
해외애플워치 7세대 GPS 알루미늄 스포츠밴드 관부가세 포함,"388,000원",https://cr.shopping.naver.com/adcr.nhn?x=E%2FOxIJmAdtfLeh4UvDGD4P%2F%2F%2Fw%3D%3DsDlRuZlHKrn66WsU4OD3vIX2kGEjZa2D9LI2gFrxSS%2F6ytpWmby81cz32w%2BSVrog3%2BQN73JcYbu5D3eZrXragXYcWcOnHjVdg1fsUPuTNkoj%2BMuAOFmVl0cyHsgcHCL9azebvFn19OFX%2BI7aThsMfc4TQFhMNCQrG%2ByyVwSaillfdNec4Cvj%2Ba%2BGQsrA34g6VHb8s4xSuMa4JBjF4Gy%2FY0nlHICj3PRJC%2ByOzsTrsUgCrilkDeG%2B1rLU11UaeFf3disext5K2yYkF868rsMDqifdmOIcXP62uHZGvN23sRJHgoSguMY3%2BWiV8a2ICJzN1u%2FaZDunUnivakt%2BfqGUOHAJaYjtvq2kisS%2Bx2Sjpi9GkK9TT5otED3SXfTuKyFMja6w3aZl53gUjillNc11OrBaNzHQtFZwXiUEJxU66tUHe0f2Mc8O2FLaMbacuJPAKuzT2tOb1qp9ZM4%2Fq5jvFwI9%2BipVKASRubGtExIR6g%2BxLhsW8V4KEvrbN67i%2F5VLM45mRbieLYFLtqk4LLMcOdjxVBg1difR%2FRbUWKddkmCSGk5KGZ5azllvlilAs3323h3rq0ruXALwZsYBR6smWntFSJFt%2F7wZQaPu0EEnntkZXc50eBITwugSNPH3Ok09sVpGw61BSdoQRvEGgfFlc5w%3D%3D&nvMid=82897317274&catId=50000262
애플워치 Apple 애플워치7 45mm 스타라이트 미드나이트,"566,880원",https://cr.shopping.naver.com/adcr.nhn?x=z5R4CjdazbJVgQ0nb6NPm%2F%2F%2F%2Fw%3D%3DsQ%2Fs%2BTjKNLwRU%2F2AC6drpzzJghNpvTIYGkSjC64i%2FuE%2BytpWmby81cz32w%2BSVrog3U96HjsIe3%2FZpBs3ckbU63vg8kmftxlFjrE2VHYPMArn%2BMuAOFmVl0cyHsgcHCL9azebvFn19OFX%2BI7aThsMfc4orX5ukJGuzuIj9UtkjK5tgauQHE16zfysukfRfAAwZBJFHASeh6J9fkRvoJkfx3oRlL4soPF9Wl0NwO8Z5dSEQDBwDlm4dAmGG0FM%2F3LUcJvY0LpMQI%2BMOjudxWAo2g4aQDiPdZ16nhsUNBy%2BF0jlp03O5v4jZFCGgoV6Pu1UQ%2FOIq6qLqW%2BXB7aAhUB%2FZQCVdN3LpKf%2FbKuiZi7z1XJT8P0D544aQOyd8LUkYjSEzXoyprcBJgCF19txuVrpHxuWnVVTnd%2BrGUpMFP67rAoL2MU6qebcKFNAQG4YOn4s%2Fk0oEJ6yHmmqUJqSMFZ2J5gZXiQ6qgOSxv6xPHWGXLckvQ%2BQaQ3S1oBIs%2FYIr%2B%2BLEvh120FCnrqQxhM0Gi7BYl29u2qAeI5UOKMBrWbjUV2kezdWO%2FgbE2ZVbAPGGyWpPRfNWtwpcdUzUhonYpEBGi8%2F4X80au6qgaZR2pEx4VnR8CXl251OpmWizflz2KEWc8I877MGlXl94xhuZbtl%2BEvrYtPjf6bHfjTagHe50rQXHICEQpPL7Rm%2B2fyhjEhHR&nvMid=29570955047&catId=50000262
애플워치 애플워치 7 45mm 셀룰러 그래파이트 스테인리스-MKL23,"1,091,000원",https://cr.shopping.naver.com/adcr.nhn?x=t29R4AxMhBkOczYanqaYhv%2F%2F%2Fw%3D%3DsAUIRUOBDKoNGU3IRi10cJ%2FfOQuQpL6X2na4rpVeC0EdnUv6QlakmgEgE5uvJuJyVrtaRc6HuDn2lIhe8BVY1Cwi61e9oI%2FaoDyijPn0AQhbfnY83YSA1Fx0Vh3w04JW7ym%2BH0Lu9vXmDRMK48j5BQBwjWpYvNgLjiG0HhNz8r7ZTHG9e0sA%2FeBePoi%2BFlBkWgwUqMVXes84r51yPNjqiOu8qUP4ELLl%2B7ouBdW%2BdmrKS%2Fk9bBAsF5UhEnzYRVd2ms1nua%2Bd3ff14%2FXRqhyekbOnNZsu8mOOnjSrqKtljeWFU%2F3PcdYp9TC138bQK%2B9djy%2F6MHZ6u%2F5n6uuzlUc6JNEuUiTS4CHUtVxQrWeRhExggXrDQVHfNqLX7Ln0JowqYFoqDarGVBp8JijlJZzgikKD0%2BiT451MSFe2H0V5fP51AufCS%2Bkj0NWRabtCD%2BAct942cvI%2FN4ZfwREr5zhEWMQOeWmaS3ClZ%2BrdzOxG9i2D878Ln5ROKJHdpio1bydNdkXTrtToxMXQ9AdCuyC5MO2BXt1jjuGoMWOi5xHztzcdneN7GWfq9j3LqTporKFrWwsP7US%2Bwy8aFT%2BSO7XMKN%2B2VpXEp7ZhQpBVdZk8Olae5PcsdixOKM84nfw%2BU7IK6p%2FEXBmD3hMP%2Fbc%2BxPoUqfipuReNGqedbRDnbtW2IQKE%2BbZXZYuPSgt%2B%2B1dICr2M%2BDVCYCaeglF2rgr1u2OQIzQ%3D%3D&nvMid=30147072487&catId=50000262
[대여] 애플워치 7세대 41mm 45mm 알루미늄 스테인레스 15일렌탈 임대 렌트,"119,000원",https://cr.shopping.naver.com/adcr.nhn?x=P6uN2G5j%2BWI%2BAgYTT7qK5%2F%2F%2F%2Fw%3D%3Ds1XF0lbTBi2ZcwwVgotDQT414TwzmxP27FP2xGpyAA%2F675iKvhlrHJJ3Ac0zbTnPrAu8HyP959d0fm6t9JuDBPewVo1NTa1Ot77Q7GvUBjF1PPTRvIZNU9a9jJvEKe3boemx9sLEL5pNaQP0JJD2HU8mscUZuB%2FB3GA4tAdwd4kJn0E%2B7lsL8Xc%2FJzL4VwihdRQ3UbOV3oH5MkZhGVAbXp7AWYZM5CUElUAj0Jxw8EJirCRdUxvA177jl0VodmokhNUJnit2TyE8yh3GxJ0fiPN%2FIXybHed7RcAfdHTtqdY2s0RNwuYKdyDSVz%2F%2BuS7azV36ogsAbT2GMBHUreotiQO7b5FXBFhMewQzdnEU9sIh733tV0b0DY1nsl0d5t2YCWQPzUdV2pTaNinwDSiTzfoDlQAz7fNozf5F3Fah5ApRW3MaQrlCodRoFeccfjeuNgmuCFuFHmpBRyGohIiyOUxSraY2jXWZIz2s7qjltrDpwF0vE%2BhI5xsTXHsfcnOZgDI2Mn5SrCbIpjSNATzi%2F1%2BoavBbi6246AEnyfwVZiyiV6LgZlx5nVjvYlU98nKIsDIWoBIeGPahwkUsfftwQgG4nNoSEFlTlFD%2BBcqgz6nM9K1JqUuHXBRcCjlFZnFDaVoWd0jB03C5aYq3HUc1IKtSSLJQZncWk8e8Ttfjz6Fs%3D&nvMid=83451087754&catId=50000262
Apple 워치 7 셀룰러 Nike 41mm (미드나이트 알루미늄),"579,000원",https://cr.shopping.naver.com/adcr.nhn?x=6k%2BgEUCgvFnwfjz3e60dv%2F%2F%2F%2Fw%3D%3DsX2cjCLAWf%2BnnZAgz825U7QJFnhKnMwJxws%2Fd8nRg5he75iKvhlrHJJ3Ac0zbTnPrmsPc%2BQGCbTRXcIa8A3KPyD84ayCAnAkts3Siu3HOTQlPPTRvIZNU9a9jJvEKe3boemx9sLEL5pNaQP0JJD2HU4ZnlrSZr8PDPdBCvs8uWtdeJxHcKH4rYUhc5SxvGs%2FQdJZ5dmVMfwCodbx2t45WnKDokm%2BGYcmylMHsRT12tOrJowZkxvE6gshRFXFG1jBshiLo6%2Bny%2B6LtwluK4akoDITyzIzWm77rEMYm1%2Fya94nDpmNu2Rs3tEPrV0ZTODsbWqyaFa2xLbpwGCJChqMDqlUrbhaFlXhq2soqhGuLv%2BY9Z0SeMqENQcl4GV2BeGrFGQK8Yg8WmITD4Bnl51QKs87R3lybNnjOVw3K%2B3%2BB6U0KdxpmR%2FOe9hARgxC56kTdnu%2B42q5%2FZK6elZDjYAH6i%2BdYlPVtvsNEnOHEBPrqRg4SfTu8tMMtWmkdlFjjBRqCK%2FDxl0iP9DeZ0OpXf34xIRFAKvtBb32ikV0R8QV5p%2FFtb%2BBg4a4FgmguzasBiisZxr5PhKicrnzs%2Ft04KX%2Bhsw1q4RxHKdKf%2Fyis4rudz3T0IMEkDJXsBHyfQRBpVHWP%2Fu8YsOs2XkNpCjtHq3i7aldznR4EhPC6BI08fc6TT2xWkbDrUFJ2hBG8QaB8WVzn&nvMid=29142408622&catId=50000262
애플워치 Apple 애플워치 7 41mm GPS 스타라이트,"553,890원",https://cr.shopping.naver.com/adcr.nhn?x=BRX51%2BOgI4gYY55ZWdk%2BgP%2F%2F%2Fw%3D%3DsVxlAz6%2BV%2BEFKqeUEIgee1fSmZCNBQ0yv5l3cm0Oq2oWytpWmby81cz32w%2BSVrog3F52oTlhqESmkClf5nBMZG6XUWMTEtnBQvl79f4wgbm7%2BMuAOFmVl0cyHsgcHCL9azebvFn19OFX%2BI7aThsMfc4orX5ukJGuzuIj9UtkjK5tgauQHE16zfysukfRfAAwZBJFHASeh6J9fkRvoJkfx3oRlL4soPF9Wl0NwO8Z5dSHSdk3GRKC9zLfNZ8%2FFwmyDkMFItPooQMGkCkrREEwUmoaQDiPdZ16nhsUNBy%2BF0jlp03O5v4jZFCGgoV6Pu1UQ%2FOIq6qLqW%2BXB7aAhUB%2FZQCVdN3LpKf%2FbKuiZi7z1XJRjwHALCTnJNcdxqQTA%2BwA9Ip3xNxf7O20q3rzEpFnMUeWnVVTnd%2BrGUpMFP67rAoJQ9UvRjMMKzkU%2F1QRlAkirc6d1aYqa28zprpJTi6FcUAZXiQ6qgOSxv6xPHWGXLckvQ%2BQaQ3S1oBIs%2FYIr%2B%2BLE1s5ozjfMZMVPX1XhKnG7dpAP6yhvxcPCa2qhhuxG9i7Cw%2FtRL7DLxoVP5I7tcwo3OG%2B5Jd7UE%2BWrxEesN5hsnuYQsU7TtARBhTKL6TvT1FPTRLK6i58zlQj%2BAUMLzbgpeZPaNf3ehuheBwzYlpg22m9TZjqEQTAbFzUBl8432wvhVEAf6wwM5tqtSh0bB5Hx&nvMid=29892850304&catId=50000262
애플워치 애플워치 7 / 셀룰러 41mm 스타라이트 알루미늄 / big,"628,220원",https://cr.shopping.naver.com/adcr.nhn?x=3nVRkQ913cNXhPjd9YhSuP%2F%2F%2Fw%3D%3DsDa6QJdglYYq%2FquUTITv0fGfFBXO%2FHKmWh0rz%2FxiKiSy75iKvhlrHJJ3Ac0zbTnPrD5AA1sDdsoEYi4H4MtbiSD84ayCAnAkts3Siu3HOTQlPPTRvIZNU9a9jJvEKe3bovsCSsj9t0fvSnDWza5bkzwjbH%2B7sNgzVdawuhA2rgiFocCRGEWD8W%2BMUDH2rQjhpyhsEnktxylPOf7rvgR7%2BCy9c%2F3Sasf8Zv%2BSWOcLGOw4ncv4pVJQBXdLnSklap954VV3pn6Znl%2B9MAtsEE%2BZ8ouacYsA2T1ONC2M4R1%2F3Eb%2FOcQS7AKgbpiNBwE5ESpx2ag6Is5lOxS5TSwEA1PQzi6D0%2BiT451MSFe2H0V5fP51UrqqHIIAU3CgXL%2FhhUdrZ942cvI%2FN4ZfwREr5zhEWMQOeWmaS3ClZ%2BrdzOxG9i2DdS1fxTPr5qEfl0R7O1NmIiVebt7ntEM7FVfyyTSQrD88U9ZFF%2FpQefjvUxmbPHdm%2F3wC6ao3ES4KIQSrqqrpszjhkLGfkV%2BPE3y2di952eAFvY83CV90oSdsE2CqrEyqr7VAb36ErED7xDOmVlGU6cl51eqzQuV4lftSBJ2fyuuZ6vGhWjR1%2BYfLDvK3O5AYDfkLIyuldBS3f8m8e6nLmzUhNzs2VE%2B%2Bisqs3JAEppg%3D%3D&nvMid=32895123961&catId=50000262
Apple 워치 7 GPS 45mm (블루 알루미늄),"499,000원",https://cr.shopping.naver.com/adcr.nhn?x=lPaoHmTNJVmuJal6wl9ipP%2F%2F%2Fw%3D%3DstyRHiydSGkeoBNBjHDUm2rZv0O0q2jDH%2FMw8EpLxN0i75iKvhlrHJJ3Ac0zbTnPrWKDVTfMjmSMgXIkl9B1tEYlCIO%2BZz7l8lQJ34nxJmXdPPTRvIZNU9a9jJvEKe3boemx9sLEL5pNaQP0JJD2HU4ZnlrSZr8PDPdBCvs8uWtdeJxHcKH4rYUhc5SxvGs%2FQuvwh0aUUVQNti4ZvS9ep6KDokm%2BGYcmylMHsRT12tOrJowZkxvE6gshRFXFG1jBshiLo6%2Bny%2B6LtwluK4akoDITyzIzWm77rEMYm1%2Fya94nDpmNu2Rs3tEPrV0ZTODsbWqyaFa2xLbpwGCJChqMDqti%2FmlYoDa%2F5MpffdX3M%2FvI9Z0SeMqENQcl4GV2BeGrFGQK8Yg8WmITD4Bnl51QKs4PbhkW7MUeBQ5S%2BCgE6iEAKdxpmR%2FOe9hARgxC56kTdnu%2B42q5%2FZK6elZDjYAH6i7ix2HjpkAz4tfG4etC9weYN6mQ0ICJIu4qdfWo5mfy2T321tPCOtMN68cvlNiHOaw649%2BsxwMh4UJdQtAw83sEUvoLZVwTxJP5OGhjE7mX4Es8cFUTVf2EXpmSuc9bAhMAztPjXhjAelH0JJj1IFBihUztiB2XEozUJ2vqPtZvxzY6of2Xpggjm6A4Z8HgJhg%3D%3D&nvMid=29141971626&catId=50000262
애플워치 애플워치 7 Nike 41mm GPS 스타라이트 /JM,"506,660원",https://cr.shopping.naver.com/adcr.nhn?x=QgY%2Ft04UiohzR%2FRJOYuPS%2F%2F%2F%2Fw%3D%3Ds199yyEIjlbjEZaQKTNkuUh7pMTR8nBSE5kkXPA3IqQ275iKvhlrHJJ3Ac0zbTnPryh2QnfqAyvFQrNQBObEf7N57ba%2BfCjQUjlKQI7IAxNxPPTRvIZNU9a9jJvEKe3bovsCSsj9t0fvSnDWza5bkz8V6HwITeVPVOSVRDIZtOWWdIbdg5PXKlFU91qOXSFwnv%2BAePeu%2BxITwBkakeNtb%2Bqug0ZEuAZ2mVyMWMb6BENKCflezD7ZmbSIkS%2Fa7Z%2B9E0Hxjofaj3zIgfNFYK703OiYsKS12genBVQk6MeonrEBUQLvOhk0ILbSHCFky1m0m334rL%2BbR36BhYe0R%2FrUmjgBSTS1sRv49oBHxm%2Bxq6Hik2EaCER3URs2CjMq696EkvebrsiZixf2DIaJINyUWIRkCvGIPFpiEw%2BAZ5edUCrPVymYTRA3O6xca4gAEywrqjB5%2BwQwTWqlzZqCmwHkzL22MpWo31m8xfNkP0p9gopXgtsfnluftrHIPpCsVclJFI5GxLePkJGN9If3McpHTMAojSG31ztQHpraPPahjrIPCw%2FtRL7DLxoVP5I7tcwo35S6YmlaU6ggGMgXZVN8MveYQsU7TtARBhTKL6TvT1FMpOLm0xQ3zrEThw1xxHPwwxhDbNOnNVboR%2B5oVDvBI729TZjqEQTAbFzUBl8432wvhVEAf6wwM5tqtSh0bB5Hx&nvMid=32315658844&catId=50000262
Apple 워치 7 셀룰러 41mm (스타라이트 알루미늄),"713,000원",https://cr.shopping.naver.com/adcr.nhn?x=yyxOYc0rVhCJst%2BwBjXPBP%2F%2F%2Fw%3D%3DsVtW3By72gHuZUUiWnkOQa%2BvwYKgBcQQyylQ8F%2BIKs%2Fi75iKvhlrHJJ3Ac0zbTnPrRp8QwIgJtsgbq10ukIJy5sEJ0eRaX2S93XJFDdiA4pZPPTRvIZNU9a9jJvEKe3boemx9sLEL5pNaQP0JJD2HU4ZnlrSZr8PDPdBCvs8uWtdeJxHcKH4rYUhc5SxvGs%2FQ7UV5ALLy7SNx5MmbQ0nxNKDokm%2BGYcmylMHsRT12tOrJowZkxvE6gshRFXFG1jBshiLo6%2Bny%2B6LtwluK4akoDITyzIzWm77rEMYm1%2Fya94nDpmNu2Rs3tEPrV0ZTODsbWqyaFa2xLbpwGCJChqMDqpR%2FFQzmSHqKhV4qsa4qZMc9Z0SeMqENQcl4GV2BeGrFGQK8Yg8WmITD4Bnl51QKsxZs1A1IEBkKkJsGvObm4iwKdxpmR%2FOe9hARgxC56kTdnu%2B42q5%2FZK6elZDjYAH6i%2F90lFkC%2Bj9rX4KvLc7Ka%2FiYL3eSptVcXRdoYlqouafeTcCZkBTfJEuxOOm4l7kfGKOuInwfQ1XmfH35WvRpRXZxy02DRpUMaxNBXUz4u63hud50jPKzX206n1WhnlzgGo6%2F74bs%2FzNmznhIO5N5zjWh%2Bd4iNizJEPov7Yx7shVoHkdntCVfz13UoHtqC8MZ62hopkeKUdu5q4dSKA0zkoA%3D&nvMid=29142638619&catId=50000262
KT 애플워치 7세대 셀룰러 스테인리스 45미리 실버 AW7C-45SMLSSR,"778,500원",https://cr.shopping.naver.com/adcr.nhn?x=IXohdyvZjwDqPBICuieyLf%2F%2F%2Fw%3D%3DsdMSqIE8HX1ogamQKAmmQOfTvDP8KYDFJVC0j%2BJdzDBO75iKvhlrHJJ3Ac0zbTnPr3TdzJ2nO8NmNTRUPzpAbPOwVo1NTa1Ot77Q7GvUBjF1PPTRvIZNU9a9jJvEKe3bovsCSsj9t0fvSnDWza5bkz9WZzTN72L7Q8REgBYcG%2FvgJjEc13Pphn%2Fpc3cAv9ZiAVe2awWU1nfnrFq2blzqd1zrrB%2BYBmWBQ8t4BkQmfmrCwFmGTOQlBJVAI9CccPBCYqwkXVMbwNe%2B45dFaHZqJITVCZ4rdk8hPModxsSdH4jy04resgBt4YWm1Dy81yF%2BXMT355ZVzvh5eg8MwRmr%2BkX%2BUucnAxrsG3xHb9QOpCsKaykLRb4sQiAl4zYzjKbxam9mJ9KW9dIf2VSJcaIzsLcDyTcBhzFMY13OzPV6x5FlWX3qly5rnSFXTSOmx2QG9zlb2VYyf8VR%2FWGJHHp%2Fua1XYs%2BA7x51gyCbDClI%2F5pe8mJcxlJiWbyuVkFsBry32ni4A3JrhB%2FSYgFSe1YAtNCnRKys15sYHpSNAePZKBM6pj4JfoaPHk8VYqrhQEjpXfAl5dudTqZlos35c9ihFnBEVa%2F3BFcfBva5Uwt7eu08PQySN9UFxNl3dZLkyIVL0xyAhEKTy%2B0Zvtn8oYxIR0Q%3D%3D&nvMid=30285100729&catId=50000262
[공식인증점] Apple 애플워치 7 41mm Nike GPS 알루미늄 케이스 (색상선택),"474,050원",https://cr.shopping.naver.com/adcr.nhn?x=3FGXYDhpPWXPsJp%2BaTz8Af%2F%2F%2Fw%3D%3DsV%2BsgncWY0eefJlK00pkpXcCbLGq9jgo6hKM1EeQ3Xsi75iKvhlrHJJ3Ac0zbTnPr75ObK9kSxoFwqZqdZH8Z7UTCJRLZZRyEQUIJVTmSdc9PPTRvIZNU9a9jJvEKe3boemx9sLEL5pNaQP0JJD2HU8Knf8MCTviy2wcatzF5dszCZpBTdrt3bWAArRPnKowazZztvLlYniS7XwRevxknWxIy4sCSOemNPuIpIzml82XtxGJHZPIvyhfSEkoXFBKr1JttgEd83fK%2F7TSLaCwXK0sZ99DQItm6%2BXDaRJOXgnP2I%2B1v1c3khV0dZIjNqKNCwc%2B%2FjkR2vl%2B%2B%2B%2F%2BVPNlrhd0VRXaMNP42bNwQzdo3Bda7to4pUj9ck0W7W3cgJH3Jrxn3FgoB55e6wbEyBHEnROk8w0LEnyLJO5rqVwiCbDrIZTLsdVp6drw8xHjiz3jIJBktL%2FbMDwI43Xzn%2BCpz%2F9X9pivyiVssMftqblNEom4dUYYs1zcHBcOhpALELd8P9LpVXko%2BKPWZlQPmUtqf%2Fm4v689gdMgFrS%2BVQwuRV7ihYLd%2FUlZdoXU3I9ObtPCRltI86MFKDg9Hyt5o%2FGBT4B7Y9We7qmpe%2FM%2B3wt4faTCnOJEZtn97zoUNCVe4M5NEFEorqdO5wQK4bwDLpRnhlzcMYWDpY26A5oZ%2FAGwqBvRNVj805a4HevWsO3hSC1AIgqgOvq6z5EpEI5N2xav1Mg%3D%3D&nvMid=29163498383&catId=50000262
